filename,label
1.png,1
10.png,1
100.png,1
1000.png,3
1001.png,3
1002.png,3
1003.png,3
1004.png,3
1005.png,3
1006.png,3
1007.png,3
1008.png,3
1009.png,3
101.png,1
1010.png,3
1011.png,3
1012.png,3
1013.png,3
1014.png,3
1015.png,3
1016.png,3
1017.png,3
1018.png,3
1019.png,3
102.png,1
1020.png,3
1021.png,3
1022.png,3
1023.png,3
1024.png,3
1025.png,3
1026.png,3
1027.png,3
1028.png,3
1029.png,3
103.png,1
1030.png,3
1031.png,3
1032.png,3
1033.png,3
1034.png,3
1035.png,3
1036.png,3
1037.png,3
1038.png,3
1039.png,3
104.png,1
1040.png,3
1041.png,3
1042.png,3
1043.png,3
1044.png,3
1045.png,3
1046.png,3
1047.png,3
1048.png,3
1049.png,3
105.png,1
1050.png,3
1051.png,3
1052.png,3
1053.png,3
1054.png,3
1055.png,3
1056.png,3
1057.png,3
1058.png,3
1059.png,3
106.png,1
1060.png,3
1061.png,3
1062.png,3
1063.png,3
1064.png,3
1065.png,3
1066.png,3
1067.png,3
1068.png,3
1069.png,3
107.png,1
1070.png,3
1071.png,3
1072.png,3
1073.png,3
1074.png,3
1075.png,3
1076.png,3
1077.png,3
1078.png,3
1079.png,3
108.png,1
1080.png,3
1081.png,3
1082.png,3
1083.png,3
1084.png,3
1085.png,3
1086.png,3
1087.png,3
1088.png,3
1089.png,3
109.png,1
1090.png,3
1091.png,3
1092.png,3
1093.png,3
1094.png,3
1095.png,3
1096.png,3
1097.png,3
1098.png,3
1099.png,3
11.png,1
110.png,1
1100.png,3
1101.png,3
1102.png,3
1103.png,3
1104.png,3
1105.png,3
1106.png,3
1107.png,3
1108.png,3
1109.png,3
111.png,1
1110.png,3
1111.png,3
1112.png,3
1113.png,3
1114.png,3
1115.png,3
1116.png,3
1117.png,3
1118.png,3
1119.png,3
112.png,1
1120.png,3
1121.png,3
1122.png,3
1123.png,3
1124.png,3
1125.png,3
1126.png,3
1127.png,3
1128.png,3
1129.png,3
113.png,1
1130.png,3
1131.png,3
1132.png,3
1133.png,3
1134.png,3
1135.png,3
1136.png,3
1137.png,3
1138.png,3
1139.png,3
114.png,1
1140.png,3
1141.png,3
1142.png,3
1143.png,3
1144.png,3
1145.png,3
1146.png,3
1147.png,3
1148.png,3
1149.png,3
115.png,1
1150.png,3
1151.png,3
1152.png,3
1153.png,3
1154.png,3
1155.png,3
1156.png,3
1157.png,3
1158.png,3
1159.png,3
116.png,1
1160.png,3
1161.png,3
1162.png,3
1163.png,3
1164.png,3
1165.png,3
1166.png,3
1167.png,3
1168.png,3
1169.png,3
117.png,1
1170.png,3
1171.png,3
1172.png,3
1173.png,3
1174.png,3
1175.png,3
1176.png,3
1177.png,3
1178.png,3
1179.png,3
118.png,1
1180.png,3
1181.png,3
1182.png,3
1183.png,3
1184.png,3
1185.png,3
1186.png,3
1187.png,3
1188.png,3
1189.png,3
119.png,1
1190.png,3
1191.png,3
1192.png,3
1193.png,3
1194.png,3
1195.png,3
1196.png,3
1197.png,3
1198.png,3
1199.png,3
12.png,1
120.png,1
1200.png,3
1201.png,3
1202.png,3
1203.png,3
1204.png,3
1205.png,3
1206.png,3
1207.png,3
1208.png,3
1209.png,3
121.png,1
1210.png,3
1211.png,3
1212.png,3
1213.png,3
1214.png,3
1215.png,3
1216.png,3
1217.png,3
1218.png,3
1219.png,3
122.png,1
1220.png,3
1221.png,3
1222.png,3
1223.png,3
1224.png,3
1225.png,3
1226.png,3
1227.png,3
1228.png,3
1229.png,3
123.png,1
1230.png,3
1231.png,3
1232.png,3
1233.png,3
1234.png,3
1235.png,3
1236.png,3
1237.png,3
1238.png,3
1239.png,3
124.png,1
1240.png,3
1241.png,3
1242.png,3
1243.png,3
1244.png,3
1245.png,3
1246.png,3
1247.png,3
1248.png,3
1249.png,3
125.png,1
1250.png,3
1251.png,3
1252.png,3
1253.png,3
1254.png,3
1255.png,3
1256.png,3
1257.png,3
1258.png,3
1259.png,3
126.png,1
1260.png,3
1261.png,3
1262.png,3
1263.png,3
1264.png,3
1265.png,3
1266.png,3
1267.png,3
1268.png,3
1269.png,3
127.png,1
1270.png,3
1271.png,3
1272.png,3
1273.png,3
1274.png,3
1275.png,3
1276.png,3
1277.png,3
1278.png,3
1279.png,3
128.png,1
1280.png,3
1281.png,3
1282.png,3
1283.png,3
1284.png,3
1285.png,3
1286.png,3
1287.png,3
1288.png,3
1289.png,3
129.png,1
1290.png,3
1291.png,3
1292.png,3
1293.png,3
1294.png,3
1295.png,3
1296.png,3
1297.png,3
1298.png,3
1299.png,3
13.png,1
130.png,1
1300.png,3
1301.png,3
1302.png,3
1303.png,3
1304.png,3
1305.png,3
1306.png,3
1307.png,3
1308.png,3
1309.png,3
131.png,1
1310.png,3
1311.png,3
1312.png,3
1313.png,3
1314.png,3
1315.png,3
1316.png,3
1317.png,3
1318.png,3
1319.png,3
132.png,1
1320.png,3
1321.png,3
1322.png,3
1323.png,3
1324.png,3
1325.png,3
1326.png,3
1327.png,3
1328.png,3
1329.png,3
133.png,1
1330.png,3
1331.png,3
1332.png,3
1333.png,3
1334.png,3
1335.png,3
1336.png,3
1337.png,3
1338.png,3
1339.png,3
134.png,1
1340.png,3
1341.png,3
1342.png,3
1343.png,3
1344.png,3
1345.png,3
1346.png,3
1347.png,3
1348.png,3
1349.png,3
135.png,1
1350.png,3
1351.png,3
1352.png,3
1353.png,3
1354.png,3
1355.png,3
1356.png,3
1357.png,3
1358.png,3
1359.png,3
136.png,1
1360.png,3
1361.png,3
1362.png,3
1363.png,3
1364.png,3
1365.png,3
1366.png,3
1367.png,3
1368.png,3
1369.png,3
137.png,1
1370.png,3
1371.png,3
1372.png,3
1373.png,3
1374.png,3
1375.png,3
1376.png,3
1377.png,3
1378.png,3
1379.png,3
138.png,1
1380.png,3
1381.png,3
1382.png,3
1383.png,3
1384.png,3
1385.png,3
1386.png,3
1387.png,3
1388.png,3
1389.png,3
139.png,1
1390.png,3
1391.png,3
1392.png,3
1393.png,3
1394.png,3
1395.png,3
1396.png,3
1397.png,3
1398.png,3
1399.png,3
14.png,1
140.png,1
1400.png,3
1401.png,3
1402.png,3
1403.png,3
1404.png,3
1405.png,3
1406.png,3
1407.png,3
1408.png,3
1409.png,3
141.png,1
1410.png,3
1411.png,3
1412.png,3
1413.png,3
1414.png,3
1415.png,3
1416.png,3
1417.png,3
1418.png,3
1419.png,3
142.png,1
1420.png,3
1421.png,3
1422.png,3
1423.png,3
1424.png,3
1425.png,3
1426.png,3
1427.png,3
1428.png,3
1429.png,3
143.png,1
1430.png,3
1431.png,3
1432.png,3
1433.png,3
1434.png,3
1435.png,3
1436.png,3
1437.png,3
1438.png,3
1439.png,3
144.png,1
1440.png,3
1441.png,3
1442.png,3
1443.png,3
1444.png,3
1445.png,3
1446.png,3
1447.png,3
1448.png,3
1449.png,3
145.png,1
1450.png,3
1451.png,3
1452.png,3
1453.png,3
1454.png,3
1455.png,3
1456.png,3
1457.png,3
1458.png,3
1459.png,3
146.png,1
1460.png,3
1461.png,3
1462.png,3
1463.png,3
1464.png,3
1465.png,3
1466.png,3
1467.png,3
1468.png,3
1469.png,3
147.png,1
1470.png,3
1471.png,3
1472.png,3
1473.png,3
1474.png,3
1475.png,3
1476.png,3
1477.png,3
1478.png,3
1479.png,3
148.png,1
1480.png,3
1481.png,3
1482.png,3
1483.png,3
1484.png,3
1485.png,3
1486.png,3
1487.png,3
1488.png,3
1489.png,3
149.png,1
1490.png,3
1491.png,3
1492.png,3
1493.png,3
1494.png,3
1495.png,3
1496.png,3
1497.png,3
1498.png,3
1499.png,3
15.png,1
150.png,1
1500.png,3
1501.png,3
1502.png,3
1503.png,3
1504.png,3
1505.png,3
1506.png,3
1507.png,3
1508.png,3
1509.png,3
151.png,1
1510.png,3
1511.png,3
1512.png,3
1513.png,3
1514.png,3
1515.png,3
1516.png,3
1517.png,3
1518.png,3
1519.png,3
152.png,1
1520.png,3
1521.png,3
1522.png,3
1523.png,3
1524.png,3
1525.png,3
1526.png,3
1527.png,3
1528.png,3
1529.png,3
153.png,1
1530.png,3
1531.png,3
1532.png,3
1533.png,3
1534.png,3
1535.png,3
1536.png,3
1537.png,3
1538.png,3
1539.png,3
154.png,1
1540.png,3
1541.png,3
1542.png,3
1543.png,3
1544.png,3
1545.png,3
1546.png,3
1547.png,3
1548.png,3
1549.png,3
155.png,1
1550.png,3
1551.png,3
1552.png,3
1553.png,3
1554.png,3
1555.png,3
1556.png,3
1557.png,3
1558.png,3
1559.png,3
156.png,1
1560.png,3
1561.png,3
1562.png,3
1563.png,3
1564.png,3
1565.png,3
1566.png,3
1567.png,3
1568.png,3
1569.png,3
157.png,1
1570.png,3
1571.png,3
1572.png,3
1573.png,3
1574.png,3
1575.png,3
1576.png,3
1577.png,3
1578.png,3
1579.png,3
158.png,1
1580.png,3
1581.png,3
1582.png,3
1583.png,3
1584.png,3
1585.png,3
1586.png,3
1587.png,3
1588.png,3
1589.png,3
159.png,1
1590.png,3
1591.png,3
1592.png,3
1593.png,3
1594.png,3
1595.png,3
1596.png,3
1597.png,3
1598.png,3
1599.png,3
16.png,1
160.png,1
1600.png,3
1601.png,3
1602.png,3
1603.png,3
1604.png,3
1605.png,3
1606.png,3
1607.png,3
1608.png,3
1609.png,3
161.png,1
1610.png,3
1611.png,3
1612.png,3
1613.png,3
1614.png,3
1615.png,3
1616.png,3
1617.png,3
1618.png,3
1619.png,3
162.png,1
1620.png,3
1621.png,3
1622.png,3
1623.png,3
1624.png,3
1625.png,3
1626.png,3
1627.png,3
1628.png,3
1629.png,3
163.png,1
1630.png,3
1631.png,3
1632.png,3
1633.png,3
1634.png,3
1635.png,3
1636.png,3
1637.png,3
1638.png,3
1639.png,3
164.png,1
1640.png,3
1641.png,3
1642.png,3
1643.png,3
1644.png,3
1645.png,3
1646.png,3
1647.png,3
1648.png,3
1649.png,3
165.png,1
1650.png,3
1651.png,3
1652.png,3
1653.png,3
1654.png,3
1655.png,3
1656.png,3
1657.png,3
1658.png,3
1659.png,3
166.png,1
1660.png,3
1661.png,3
1662.png,3
1663.png,3
1664.png,3
1665.png,3
1666.png,3
1667.png,3
1668.png,3
1669.png,3
167.png,1
1670.png,3
1671.png,3
1672.png,3
1673.png,3
1674.png,3
1675.png,3
1676.png,3
1677.png,3
1678.png,3
1679.png,3
168.png,1
1680.png,3
1681.png,3
1682.png,3
1683.png,3
1684.png,3
1685.png,3
1686.png,3
1687.png,3
1688.png,3
1689.png,3
169.png,1
1690.png,3
1691.png,3
1692.png,3
1693.png,3
1694.png,3
1695.png,3
1696.png,3
1697.png,3
1698.png,3
1699.png,3
17.png,1
170.png,1
1700.png,3
1701.png,3
1702.png,3
1703.png,3
1704.png,3
1705.png,3
1706.png,3
1707.png,3
1708.png,3
1709.png,3
171.png,1
1710.png,3
1711.png,3
1712.png,3
1713.png,3
1714.png,3
1715.png,3
1716.png,3
1717.png,3
1718.png,3
1719.png,3
172.png,1
1720.png,3
1721.png,3
1722.png,3
1723.png,3
1724.png,3
1725.png,3
1726.png,3
1727.png,3
1728.png,3
1729.png,3
173.png,1
1730.png,3
1731.png,3
1732.png,3
1733.png,3
1734.png,3
1735.png,3
1736.png,3
1737.png,3
1738.png,3
1739.png,3
174.png,1
1740.png,3
1741.png,3
1742.png,3
1743.png,3
1744.png,3
1745.png,3
1746.png,3
1747.png,3
1748.png,3
1749.png,3
175.png,1
1750.png,3
1751.png,3
1752.png,3
1753.png,3
1754.png,3
1755.png,3
1756.png,3
1757.png,3
1758.png,3
1759.png,3
176.png,1
1760.png,3
1761.png,3
1762.png,3
1763.png,3
1764.png,3
1765.png,3
1766.png,3
1767.png,3
1768.png,3
1769.png,3
177.png,1
1770.png,3
1771.png,3
1772.png,3
1773.png,3
1774.png,3
1775.png,3
1776.png,3
1777.png,3
1778.png,3
1779.png,3
178.png,1
1780.png,3
1781.png,3
1782.png,3
1783.png,3
1784.png,3
1785.png,3
1786.png,3
1787.png,3
1788.png,3
1789.png,3
179.png,1
1790.png,3
1791.png,3
1792.png,3
1793.png,3
1794.png,3
1795.png,3
1796.png,3
1797.png,3
1798.png,3
1799.png,3
18.png,1
180.png,1
1800.png,3
1801.png,3
1802.png,3
1803.png,3
1804.png,3
1805.png,3
1806.png,3
1807.png,3
1808.png,3
1809.png,3
181.png,1
1810.png,3
1811.png,3
1812.png,3
1813.png,3
1814.png,3
1815.png,3
1816.png,3
1817.png,3
1818.png,3
1819.png,3
182.png,1
1820.png,3
1821.png,3
1822.png,3
1823.png,3
1824.png,3
1825.png,3
1826.png,3
1827.png,3
1828.png,3
1829.png,3
183.png,1
1830.png,3
1831.png,3
1832.png,3
1833.png,3
1834.png,3
1835.png,3
1836.png,3
1837.png,3
1838.png,3
1839.png,3
184.png,1
1840.png,3
1841.png,2
1842.png,2
1843.png,2
1844.png,2
1845.png,2
1846.png,2
1847.png,2
1848.png,2
1849.png,2
185.png,1
1850.png,2
1851.png,2
1852.png,2
1853.png,2
1854.png,2
1855.png,2
1856.png,2
1857.png,2
1858.png,2
1859.png,2
186.png,1
1860.png,2
1861.png,2
1862.png,2
1863.png,2
1864.png,2
1865.png,2
1866.png,2
1867.png,2
1868.png,2
1869.png,2
187.png,1
1870.png,2
1871.png,2
1872.png,2
1873.png,2
1874.png,2
1875.png,2
1876.png,2
1877.png,2
1878.png,2
1879.png,2
188.png,1
1880.png,2
1881.png,2
1882.png,2
1883.png,2
1884.png,2
1885.png,2
1886.png,2
1887.png,2
1888.png,2
1889.png,2
189.png,1
1890.png,2
1891.png,2
1892.png,2
1893.png,2
1894.png,2
1895.png,2
1896.png,2
1897.png,2
1898.png,2
1899.png,2
19.png,1
190.png,1
1900.png,2
1901.png,2
1902.png,2
1903.png,2
1904.png,2
1905.png,2
1906.png,2
1907.png,2
1908.png,2
1909.png,2
191.png,1
1910.png,2
1911.png,2
1912.png,2
1913.png,2
1914.png,2
1915.png,2
1916.png,2
1917.png,2
1918.png,2
1919.png,2
192.png,1
1920.png,2
1921.png,2
1922.png,2
1923.png,2
1924.png,2
1925.png,2
1926.png,2
1927.png,2
1928.png,2
1929.png,2
193.png,1
1930.png,2
1931.png,2
1932.png,2
1933.png,2
1934.png,2
1935.png,2
1936.png,2
1937.png,2
1938.png,2
1939.png,2
194.png,1
1940.png,2
1941.png,2
1942.png,2
1943.png,2
1944.png,2
1945.png,2
1946.png,2
1947.png,2
1948.png,2
1949.png,2
195.png,1
1950.png,2
1951.png,2
1952.png,2
1953.png,2
1954.png,2
1955.png,2
1956.png,2
1957.png,2
1958.png,2
1959.png,2
196.png,1
1960.png,2
1961.png,2
1962.png,2
1963.png,2
1964.png,2
1965.png,2
1966.png,2
1967.png,2
1968.png,2
1969.png,2
197.png,1
1970.png,2
1971.png,2
1972.png,2
1973.png,2
1974.png,2
1975.png,2
1976.png,2
1977.png,2
1978.png,2
1979.png,2
198.png,1
1980.png,2
1981.png,2
1982.png,2
1983.png,2
1984.png,2
1985.png,2
1986.png,2
1987.png,2
1988.png,2
1989.png,2
199.png,1
1990.png,2
1991.png,2
1992.png,2
1993.png,2
1994.png,2
1995.png,2
1996.png,2
1997.png,2
1998.png,2
1999.png,2
2.png,1
20.png,1
200.png,1
2000.png,2
2001.png,2
2002.png,2
2003.png,2
2004.png,2
2005.png,2
2006.png,2
2007.png,2
2008.png,2
2009.png,2
201.png,1
2010.png,2
2011.png,2
2012.png,2
2013.png,2
2014.png,2
2015.png,2
2016.png,2
2017.png,2
2018.png,2
2019.png,2
202.png,1
2020.png,2
2021.png,2
2022.png,2
2023.png,2
2024.png,2
2025.png,2
2026.png,2
2027.png,2
2028.png,2
2029.png,2
203.png,1
2030.png,2
2031.png,2
2032.png,2
2033.png,2
2034.png,2
2035.png,2
2036.png,2
2037.png,2
2038.png,2
2039.png,2
204.png,1
2040.png,2
2041.png,2
2042.png,2
2043.png,2
2044.png,2
2045.png,2
2046.png,2
2047.png,2
2048.png,2
2049.png,2
205.png,1
2050.png,2
2051.png,2
2052.png,2
2053.png,2
2054.png,2
2055.png,2
2056.png,2
2057.png,2
2058.png,2
2059.png,2
206.png,1
2060.png,2
2061.png,2
2062.png,2
2063.png,2
2064.png,2
2065.png,2
2066.png,2
2067.png,2
2068.png,2
2069.png,2
207.png,1
2070.png,2
2071.png,2
2072.png,2
2073.png,2
2074.png,2
2075.png,2
2076.png,2
2077.png,2
2078.png,2
2079.png,2
208.png,1
2080.png,2
2081.png,2
2082.png,2
2083.png,2
2084.png,2
2085.png,2
2086.png,2
2087.png,2
2088.png,2
2089.png,2
209.png,2
2090.png,2
2091.png,2
2092.png,2
2093.png,2
2094.png,2
2095.png,2
2096.png,2
2097.png,2
2098.png,2
2099.png,2
21.png,1
210.png,2
2100.png,2
2101.png,2
2102.png,2
2103.png,2
2104.png,2
2105.png,2
2106.png,2
2107.png,2
2108.png,2
2109.png,2
211.png,1
2110.png,2
2111.png,2
2112.png,2
2113.png,2
2114.png,2
2115.png,2
2116.png,2
2117.png,2
2118.png,2
2119.png,2
212.png,1
2120.png,2
2121.png,2
2122.png,2
2123.png,2
2124.png,2
2125.png,2
2126.png,2
2127.png,2
2128.png,2
2129.png,2
213.png,1
2130.png,2
2131.png,2
2132.png,2
2133.png,2
2134.png,2
2135.png,2
2136.png,2
2137.png,2
2138.png,2
2139.png,2
214.png,1
2140.png,2
2141.png,2
2142.png,2
2143.png,2
2144.png,2
2145.png,2
2146.png,2
2147.png,2
2148.png,2
2149.png,2
215.png,1
2150.png,2
2151.png,2
2152.png,2
2153.png,2
2154.png,2
2155.png,2
2156.png,2
2157.png,2
2158.png,2
2159.png,2
216.png,1
2160.png,2
2161.png,2
2162.png,2
2163.png,2
2164.png,2
2165.png,2
2166.png,2
2167.png,2
2168.png,2
2169.png,2
217.png,1
2170.png,2
2171.png,2
2172.png,2
2173.png,2
2174.png,2
2175.png,2
2176.png,2
2177.png,2
2178.png,2
2179.png,2
218.png,1
2180.png,2
2181.png,2
2182.png,2
2183.png,2
2184.png,2
2185.png,2
2186.png,2
2187.png,2
2188.png,2
2189.png,2
219.png,1
2190.png,2
2191.png,2
2192.png,2
2193.png,2
2194.png,2
2195.png,2
2196.png,2
2197.png,2
2198.png,2
2199.png,2
22.png,1
220.png,1
2200.png,2
2201.png,2
2202.png,2
2203.png,2
2204.png,2
2205.png,2
2206.png,2
2207.png,2
2208.png,2
2209.png,2
221.png,1
2210.png,2
2211.png,2
2212.png,2
2213.png,2
2214.png,2
2215.png,2
2216.png,2
2217.png,2
2218.png,2
2219.png,2
222.png,1
2220.png,2
2221.png,2
2222.png,2
2223.png,2
2224.png,2
2225.png,2
2226.png,2
2227.png,2
2228.png,2
2229.png,2
223.png,1
2230.png,2
2231.png,2
2232.png,2
2233.png,2
2234.png,2
2235.png,2
2236.png,2
2237.png,2
2238.png,2
2239.png,2
224.png,1
2240.png,2
2241.png,2
2242.png,2
2243.png,2
2244.png,2
2245.png,2
2246.png,2
2247.png,2
2248.png,2
2249.png,2
225.png,1
2250.png,2
2251.png,2
2252.png,2
2253.png,2
2254.png,2
2255.png,2
2256.png,2
2257.png,2
2258.png,2
2259.png,2
226.png,1
2260.png,2
2261.png,2
2262.png,2
2263.png,2
2264.png,2
2265.png,2
2266.png,2
2267.png,2
2268.png,2
2269.png,2
227.png,1
2270.png,2
2271.png,2
2272.png,2
2273.png,2
2274.png,2
2275.png,2
2276.png,2
2277.png,2
2278.png,2
2279.png,2
228.png,1
2280.png,2
2281.png,2
2282.png,2
2283.png,2
2284.png,2
2285.png,2
2286.png,2
2287.png,2
2288.png,2
2289.png,2
229.png,1
2290.png,2
2291.png,2
2292.png,2
2293.png,2
2294.png,2
2295.png,2
2296.png,2
2297.png,2
2298.png,2
2299.png,2
23.png,1
230.png,1
2300.png,2
2301.png,2
2302.png,2
2303.png,2
2304.png,2
2305.png,2
2306.png,2
2307.png,2
2308.png,2
2309.png,2
231.png,1
2310.png,2
2311.png,2
2312.png,2
2313.png,2
2314.png,2
2315.png,2
2316.png,2
2317.png,2
2318.png,2
2319.png,2
232.png,1
2320.png,2
2321.png,2
2322.png,2
2323.png,2
2324.png,2
2325.png,2
2326.png,2
2327.png,2
2328.png,2
2329.png,2
233.png,1
2330.png,2
2331.png,2
2332.png,2
2333.png,2
2334.png,2
2335.png,2
2336.png,2
2337.png,2
2338.png,2
2339.png,2
234.png,1
2340.png,2
2341.png,2
2342.png,2
2343.png,2
2344.png,2
2345.png,2
2346.png,2
2347.png,2
2348.png,2
2349.png,2
235.png,1
2350.png,2
2351.png,2
2352.png,2
2353.png,2
2354.png,2
2355.png,2
2356.png,2
2357.png,2
2358.png,2
2359.png,2
236.png,1
2360.png,2
2361.png,2
2362.png,2
2363.png,2
2364.png,2
2365.png,2
2366.png,2
2367.png,2
2368.png,2
2369.png,2
237.png,1
2370.png,2
2371.png,2
2372.png,2
2373.png,2
2374.png,2
2375.png,2
2376.png,2
2377.png,2
2378.png,2
2379.png,2
238.png,1
2380.png,2
2381.png,2
2382.png,2
2383.png,2
2384.png,2
2385.png,2
2386.png,2
2387.png,2
2388.png,2
2389.png,2
239.png,1
2390.png,2
2391.png,2
2392.png,2
2393.png,2
2394.png,2
2395.png,2
2396.png,2
2397.png,2
2398.png,2
2399.png,2
24.png,1
240.png,1
2400.png,2
2401.png,2
2402.png,2
2403.png,2
2404.png,2
2405.png,2
2406.png,2
2407.png,2
2408.png,2
2409.png,2
241.png,1
2410.png,2
2411.png,2
2412.png,2
2413.png,2
2414.png,2
2415.png,2
2416.png,2
2417.png,2
2418.png,2
2419.png,2
242.png,1
2420.png,2
2421.png,2
2422.png,2
2423.png,2
2424.png,2
2425.png,2
2426.png,2
2427.png,2
2428.png,2
2429.png,2
243.png,1
2430.png,2
2431.png,2
2432.png,2
2433.png,2
2434.png,2
2435.png,2
2436.png,2
2437.png,2
2438.png,2
2439.png,2
244.png,1
2440.png,2
2441.png,2
2442.png,2
2443.png,2
2444.png,2
2445.png,2
2446.png,2
2447.png,2
2448.png,2
2449.png,2
245.png,1
2450.png,2
2451.png,2
2452.png,2
2453.png,2
2454.png,2
2455.png,2
2456.png,2
2457.png,2
2458.png,2
2459.png,2
246.png,1
2460.png,2
2461.png,2
2462.png,2
2463.png,2
2464.png,2
2465.png,2
2466.png,2
2467.png,2
2468.png,2
2469.png,2
247.png,1
2470.png,2
2471.png,2
2472.png,2
2473.png,2
2474.png,2
2475.png,2
2476.png,2
2477.png,2
2478.png,2
2479.png,2
248.png,1
2480.png,2
2481.png,2
2482.png,2
2483.png,2
2484.png,2
2485.png,2
2486.png,2
2487.png,2
2488.png,2
2489.png,2
249.png,1
2490.png,2
2491.png,2
2492.png,2
2493.png,2
2494.png,2
2495.png,2
2496.png,2
2497.png,2
2498.png,2
2499.png,2
25.png,1
250.png,1
2500.png,2
2501.png,2
2502.png,2
2503.png,2
2504.png,2
2505.png,2
2506.png,2
2507.png,2
2508.png,2
2509.png,2
251.png,1
2510.png,2
2511.png,2
2512.png,2
2513.png,2
2514.png,2
2515.png,2
2516.png,2
2517.png,2
2518.png,2
2519.png,2
252.png,1
2520.png,2
2521.png,2
2522.png,2
2523.png,2
2524.png,2
2525.png,2
2526.png,2
2527.png,2
2528.png,2
2529.png,2
253.png,1
2530.png,2
2531.png,2
2532.png,2
2533.png,2
2534.png,2
2535.png,2
2536.png,2
2537.png,2
2538.png,2
2539.png,2
254.png,1
2540.png,2
2541.png,2
2542.png,2
2543.png,2
2544.png,2
2545.png,2
2546.png,2
2547.png,2
2548.png,2
2549.png,2
255.png,1
2550.png,2
2551.png,2
2552.png,2
2553.png,2
2554.png,2
2555.png,2
2556.png,2
2557.png,2
2558.png,2
2559.png,2
256.png,1
2560.png,2
2561.png,2
2562.png,2
2563.png,2
2564.png,2
2565.png,2
2566.png,2
2567.png,2
2568.png,2
2569.png,2
257.png,1
2570.png,2
2571.png,2
2572.png,2
2573.png,2
2574.png,2
2575.png,2
2576.png,2
2577.png,2
2578.png,2
2579.png,2
258.png,1
2580.png,2
2581.png,2
2582.png,2
2583.png,2
2584.png,2
2585.png,2
2586.png,2
2587.png,2
2588.png,2
2589.png,2
259.png,1
2590.png,2
2591.png,2
2592.png,2
2593.png,2
2594.png,2
2595.png,2
2596.png,2
2597.png,2
2598.png,2
2599.png,2
26.png,1
260.png,1
2600.png,2
2601.png,2
2602.png,2
2603.png,2
2604.png,2
2605.png,2
2606.png,2
2607.png,2
2608.png,2
2609.png,2
261.png,1
2610.png,2
2611.png,2
2612.png,2
2613.png,2
2614.png,2
2615.png,2
2616.png,2
2617.png,2
2618.png,2
2619.png,2
262.png,1
2620.png,2
2621.png,2
2622.png,2
2623.png,2
2624.png,2
2625.png,2
2626.png,2
2627.png,2
2628.png,2
2629.png,2
263.png,1
2630.png,2
2631.png,2
2632.png,2
2633.png,2
2634.png,2
2635.png,2
2636.png,2
2637.png,2
2638.png,2
2639.png,2
264.png,1
2640.png,2
2641.png,2
2642.png,2
2643.png,2
2644.png,2
2645.png,2
2646.png,2
2647.png,2
2648.png,2
2649.png,2
265.png,1
2650.png,2
2651.png,2
2652.png,2
2653.png,2
2654.png,2
2655.png,2
2656.png,2
2657.png,2
2658.png,2
2659.png,2
266.png,1
2660.png,2
2661.png,2
2662.png,2
2663.png,2
2664.png,2
2665.png,2
2666.png,2
2667.png,2
2668.png,2
2669.png,2
267.png,1
2670.png,2
2671.png,2
2672.png,2
2673.png,2
2674.png,2
2675.png,2
2676.png,2
2677.png,2
2678.png,2
2679.png,2
268.png,1
2680.png,2
2681.png,2
2682.png,2
2683.png,2
2684.png,2
2685.png,2
2686.png,2
2687.png,2
2688.png,2
2689.png,2
269.png,1
2690.png,2
2691.png,2
2692.png,2
2693.png,2
2694.png,2
2695.png,2
2696.png,2
2697.png,2
2698.png,2
2699.png,2
27.png,1
270.png,1
2700.png,2
2701.png,2
2702.png,2
2703.png,2
2704.png,2
2705.png,2
2706.png,2
2707.png,2
2708.png,2
2709.png,2
271.png,1
2710.png,2
2711.png,2
2712.png,2
2713.png,2
2714.png,2
2715.png,2
2716.png,2
2717.png,2
2718.png,2
2719.png,2
272.png,1
2720.png,2
2721.png,2
2722.png,2
2723.png,2
2724.png,2
2725.png,2
2726.png,2
2727.png,2
2728.png,2
2729.png,2
273.png,1
2730.png,2
2731.png,2
2732.png,2
2733.png,2
2734.png,2
2735.png,2
2736.png,2
2737.png,2
2738.png,2
2739.png,2
274.png,1
2740.png,2
2741.png,2
2742.png,2
2743.png,2
2744.png,2
2745.png,2
2746.png,2
2747.png,2
2748.png,2
2749.png,2
275.png,1
2750.png,2
2751.png,2
2752.png,2
2753.png,2
2754.png,2
2755.png,2
2756.png,2
2757.png,2
2758.png,2
2759.png,2
276.png,1
2760.png,2
2761.png,2
2762.png,2
2763.png,2
2764.png,2
2765.png,2
2766.png,2
2767.png,2
2768.png,2
2769.png,2
277.png,1
2770.png,2
2771.png,2
2772.png,2
2773.png,2
2774.png,2
2775.png,2
2776.png,2
2777.png,2
2778.png,2
2779.png,2
278.png,1
2780.png,2
2781.png,2
2782.png,2
2783.png,2
2784.png,2
2785.png,2
2786.png,2
2787.png,2
2788.png,2
2789.png,2
279.png,1
2790.png,2
2791.png,2
2792.png,2
2793.png,2
2794.png,2
2795.png,2
2796.png,2
2797.png,2
2798.png,2
2799.png,2
28.png,1
280.png,1
2800.png,2
2801.png,2
2802.png,2
2803.png,2
2804.png,2
2805.png,2
2806.png,2
2807.png,2
2808.png,2
2809.png,2
281.png,1
2810.png,2
2811.png,2
2812.png,2
2813.png,2
2814.png,2
2815.png,2
2816.png,2
2817.png,2
2818.png,2
2819.png,2
282.png,1
2820.png,2
2821.png,2
2822.png,2
2823.png,2
2824.png,2
2825.png,2
2826.png,2
2827.png,2
2828.png,2
2829.png,2
283.png,1
2830.png,2
2831.png,2
2832.png,2
2833.png,2
2834.png,2
2835.png,2
2836.png,2
2837.png,2
2838.png,2
2839.png,2
284.png,1
2840.png,2
2841.png,2
2842.png,2
2843.png,2
2844.png,2
2845.png,2
2846.png,2
2847.png,2
2848.png,2
2849.png,2
285.png,1
2850.png,2
2851.png,2
2852.png,2
2853.png,2
2854.png,2
2855.png,2
2856.png,2
2857.png,2
2858.png,2
2859.png,2
286.png,1
2860.png,2
2861.png,2
2862.png,2
2863.png,2
2864.png,2
2865.png,2
2866.png,2
2867.png,2
2868.png,2
2869.png,2
287.png,1
2870.png,2
2871.png,2
2872.png,2
2873.png,2
2874.png,2
2875.png,2
2876.png,2
2877.png,2
2878.png,2
2879.png,2
288.png,1
2880.png,2
2881.png,2
2882.png,2
2883.png,2
2884.png,2
2885.png,2
2886.png,2
2887.png,2
2888.png,2
2889.png,2
289.png,1
2890.png,2
2891.png,2
2892.png,2
2893.png,2
2894.png,2
2895.png,2
2896.png,2
2897.png,2
2898.png,2
2899.png,2
29.png,1
290.png,1
2900.png,2
2901.png,2
2902.png,2
2903.png,2
2904.png,2
2905.png,2
2906.png,2
2907.png,2
2908.png,2
2909.png,2
291.png,1
2910.png,2
2911.png,2
2912.png,2
2913.png,2
2914.png,2
2915.png,2
2916.png,2
2917.png,2
2918.png,2
2919.png,2
292.png,1
2920.png,2
2921.png,2
2922.png,2
2923.png,2
2924.png,2
2925.png,2
2926.png,2
2927.png,2
2928.png,2
2929.png,2
293.png,1
2930.png,2
2931.png,2
2932.png,2
2933.png,2
2934.png,2
2935.png,2
2936.png,2
2937.png,2
2938.png,2
2939.png,2
294.png,1
2940.png,2
2941.png,2
2942.png,2
2943.png,2
2944.png,2
2945.png,2
2946.png,2
2947.png,2
2948.png,2
2949.png,2
295.png,1
2950.png,2
2951.png,2
2952.png,2
2953.png,2
2954.png,2
2955.png,2
2956.png,2
2957.png,2
2958.png,2
2959.png,2
296.png,1
2960.png,2
2961.png,2
2962.png,2
2963.png,2
2964.png,2
2965.png,2
2966.png,2
2967.png,2
2968.png,2
2969.png,2
297.png,1
2970.png,2
2971.png,2
2972.png,2
2973.png,2
2974.png,2
2975.png,2
2976.png,2
2977.png,2
2978.png,2
2979.png,2
298.png,1
2980.png,2
2981.png,2
2982.png,2
2983.png,2
2984.png,2
2985.png,2
2986.png,2
2987.png,2
2988.png,2
2989.png,2
299.png,1
2990.png,2
2991.png,2
2992.png,2
2993.png,2
2994.png,2
2995.png,2
2996.png,2
2997.png,2
2998.png,2
2999.png,2
3.png,1
30.png,1
300.png,1
3000.png,2
3001.png,2
3002.png,2
3003.png,2
3004.png,2
3005.png,2
3006.png,2
3007.png,2
3008.png,2
3009.png,2
301.png,1
3010.png,2
3011.png,2
3012.png,2
3013.png,2
3014.png,2
3015.png,2
3016.png,2
3017.png,2
3018.png,2
3019.png,2
302.png,1
3020.png,2
3021.png,2
3022.png,2
3023.png,2
3024.png,2
3025.png,2
3026.png,2
3027.png,2
3028.png,2
3029.png,2
303.png,1
3030.png,1
3031.png,2
3032.png,2
3033.png,2
3034.png,2
3035.png,2
3036.png,2
3037.png,2
3038.png,2
3039.png,2
304.png,1
3040.png,2
3041.png,2
3042.png,2
3043.png,2
3044.png,2
3045.png,2
3046.png,2
3047.png,2
3048.png,2
3049.png,2
305.png,1
3050.png,2
3051.png,2
3052.png,2
3053.png,2
3054.png,2
3055.png,2
3056.png,2
3057.png,2
3058.png,2
3059.png,2
306.png,1
3060.png,2
3061.png,2
3062.png,2
3063.png,1
3064.png,1
307.png,1
308.png,1
309.png,1
31.png,1
310.png,1
311.png,1
312.png,1
313.png,1
314.png,1
315.png,1
316.png,1
317.png,1
318.png,1
319.png,1
32.png,1
320.png,1
321.png,1
322.png,1
323.png,1
324.png,1
325.png,1
326.png,1
327.png,1
328.png,1
329.png,1
33.png,1
330.png,1
331.png,1
332.png,1
333.png,1
334.png,1
335.png,1
336.png,1
337.png,1
338.png,1
339.png,1
34.png,1
340.png,1
341.png,1
342.png,1
343.png,1
344.png,1
345.png,1
346.png,1
347.png,1
348.png,1
349.png,1
35.png,1
350.png,1
351.png,1
352.png,1
353.png,1
354.png,1
355.png,1
356.png,1
357.png,1
358.png,1
359.png,1
36.png,1
360.png,1
361.png,1
362.png,1
363.png,1
364.png,1
365.png,1
366.png,1
367.png,1
368.png,1
369.png,1
37.png,1
370.png,1
371.png,1
372.png,1
373.png,1
374.png,1
375.png,1
376.png,1
377.png,1
378.png,1
379.png,1
38.png,1
380.png,1
381.png,1
382.png,1
383.png,1
384.png,1
385.png,1
386.png,1
387.png,1
388.png,1
389.png,1
39.png,1
390.png,1
391.png,1
392.png,1
393.png,1
394.png,1
395.png,1
396.png,1
397.png,1
398.png,1
399.png,1
4.png,1
40.png,1
400.png,1
401.png,1
402.png,1
403.png,1
404.png,1
405.png,1
406.png,1
407.png,1
408.png,1
409.png,1
41.png,1
410.png,1
411.png,1
412.png,1
413.png,1
414.png,1
415.png,1
416.png,1
417.png,1
418.png,1
419.png,1
42.png,1
420.png,1
421.png,1
422.png,1
423.png,1
424.png,1
425.png,1
426.png,1
427.png,1
428.png,1
429.png,1
43.png,1
430.png,1
431.png,1
432.png,1
433.png,1
434.png,1
435.png,1
436.png,1
437.png,1
438.png,1
439.png,1
44.png,1
440.png,1
441.png,1
442.png,1
443.png,1
444.png,1
445.png,1
446.png,1
447.png,1
448.png,1
449.png,1
45.png,1
450.png,1
451.png,1
452.png,1
453.png,1
454.png,1
455.png,1
456.png,1
457.png,1
458.png,1
459.png,1
46.png,1
460.png,1
461.png,1
462.png,1
463.png,1
464.png,1
465.png,1
466.png,1
467.png,1
468.png,1
469.png,1
47.png,1
470.png,1
471.png,1
472.png,1
473.png,1
474.png,1
475.png,1
476.png,1
477.png,1
478.png,1
479.png,1
48.png,1
480.png,1
481.png,1
482.png,1
483.png,1
484.png,1
485.png,1
486.png,1
487.png,1
488.png,1
489.png,1
49.png,1
490.png,1
491.png,1
492.png,1
493.png,1
494.png,1
495.png,1
496.png,1
497.png,1
498.png,1
499.png,1
5.png,1
50.png,1
500.png,1
501.png,1
502.png,1
503.png,1
504.png,1
505.png,1
506.png,1
507.png,1
508.png,1
509.png,1
51.png,1
510.png,1
511.png,1
512.png,1
513.png,1
514.png,1
515.png,1
516.png,1
517.png,1
518.png,1
519.png,1
52.png,1
520.png,1
521.png,1
522.png,1
523.png,1
524.png,1
525.png,1
526.png,1
527.png,1
528.png,1
529.png,1
53.png,1
530.png,1
531.png,1
532.png,1
533.png,1
534.png,1
535.png,1
536.png,1
537.png,1
538.png,1
539.png,1
54.png,1
540.png,1
541.png,1
542.png,1
543.png,1
544.png,1
545.png,1
546.png,1
547.png,1
548.png,1
549.png,1
55.png,1
550.png,1
551.png,1
552.png,1
553.png,1
554.png,1
555.png,1
556.png,1
557.png,1
558.png,1
559.png,1
56.png,1
560.png,1
561.png,1
562.png,1
563.png,1
564.png,1
565.png,1
566.png,1
567.png,1
568.png,1
569.png,1
57.png,1
570.png,1
571.png,1
572.png,1
573.png,1
574.png,1
575.png,1
576.png,1
577.png,1
578.png,1
579.png,1
58.png,1
580.png,1
581.png,1
582.png,1
583.png,1
584.png,1
585.png,1
586.png,1
587.png,1
588.png,1
589.png,1
59.png,3
590.png,1
591.png,1
592.png,1
593.png,1
594.png,1
595.png,1
596.png,1
597.png,1
598.png,1
599.png,1
6.png,1
60.png,1
600.png,1
601.png,1
602.png,1
603.png,1
604.png,1
605.png,1
606.png,1
607.png,1
608.png,1
609.png,1
61.png,1
610.png,1
611.png,1
612.png,1
613.png,1
614.png,1
615.png,1
616.png,1
617.png,1
618.png,1
619.png,1
62.png,1
620.png,1
621.png,1
622.png,1
623.png,1
624.png,1
625.png,1
626.png,1
627.png,1
628.png,1
629.png,1
63.png,1
630.png,1
631.png,1
632.png,1
633.png,1
634.png,1
635.png,1
636.png,1
637.png,1
638.png,1
639.png,1
64.png,1
640.png,1
641.png,1
642.png,1
643.png,1
644.png,1
645.png,1
646.png,1
647.png,1
648.png,1
649.png,1
65.png,1
650.png,1
651.png,1
652.png,1
653.png,1
654.png,1
655.png,1
656.png,1
657.png,1
658.png,1
659.png,1
66.png,1
660.png,1
661.png,1
662.png,1
663.png,1
664.png,1
665.png,1
666.png,1
667.png,1
668.png,1
669.png,1
67.png,1
670.png,1
671.png,1
672.png,1
673.png,1
674.png,1
675.png,1
676.png,1
677.png,1
678.png,1
679.png,1
68.png,1
680.png,1
681.png,1
682.png,1
683.png,1
684.png,1
685.png,1
686.png,1
687.png,1
688.png,1
689.png,1
69.png,1
690.png,1
691.png,1
692.png,1
693.png,1
694.png,1
695.png,1
696.png,1
697.png,1
698.png,1
699.png,1
7.png,1
70.png,1
700.png,1
701.png,1
702.png,1
703.png,1
704.png,1
705.png,1
706.png,1
707.png,1
708.png,1
709.png,3
71.png,1
710.png,3
711.png,3
712.png,3
713.png,3
714.png,3
715.png,2
716.png,2
717.png,2
718.png,2
719.png,2
72.png,1
720.png,2
721.png,2
722.png,2
723.png,2
724.png,2
725.png,2
726.png,2
727.png,2
728.png,2
729.png,2
73.png,1
730.png,2
731.png,2
732.png,2
733.png,2
734.png,2
735.png,2
736.png,2
737.png,2
738.png,2
739.png,2
74.png,1
740.png,2
741.png,2
742.png,2
743.png,2
744.png,2
745.png,2
746.png,2
747.png,2
748.png,2
749.png,2
75.png,1
750.png,2
751.png,2
752.png,2
753.png,2
754.png,2
755.png,2
756.png,2
757.png,2
758.png,2
759.png,2
76.png,1
760.png,2
761.png,2
762.png,2
763.png,2
764.png,2
765.png,2
766.png,2
767.png,2
768.png,2
769.png,2
77.png,1
770.png,2
771.png,2
772.png,2
773.png,2
774.png,2
775.png,2
776.png,2
777.png,2
778.png,2
779.png,2
78.png,1
780.png,2
781.png,2
782.png,2
783.png,2
784.png,2
785.png,2
786.png,2
787.png,2
788.png,2
789.png,2
79.png,1
790.png,2
791.png,2
792.png,2
793.png,2
794.png,2
795.png,2
796.png,2
797.png,2
798.png,2
799.png,2
8.png,1
80.png,1
800.png,2
801.png,2
802.png,2
803.png,2
804.png,2
805.png,2
806.png,2
807.png,2
808.png,2
809.png,2
81.png,1
810.png,2
811.png,2
812.png,2
813.png,2
814.png,2
815.png,2
816.png,2
817.png,2
818.png,2
819.png,2
82.png,1
820.png,2
821.png,2
822.png,2
823.png,2
824.png,2
825.png,2
826.png,2
827.png,2
828.png,2
829.png,2
83.png,1
830.png,2
831.png,2
832.png,2
833.png,2
834.png,2
835.png,2
836.png,2
837.png,2
838.png,2
839.png,2
84.png,1
840.png,2
841.png,2
842.png,2
843.png,2
844.png,2
845.png,2
846.png,2
847.png,2
848.png,2
849.png,2
85.png,1
850.png,2
851.png,2
852.png,2
853.png,2
854.png,2
855.png,2
856.png,2
857.png,2
858.png,2
859.png,2
86.png,1
860.png,2
861.png,2
862.png,2
863.png,2
864.png,2
865.png,2
866.png,2
867.png,2
868.png,2
869.png,2
87.png,1
870.png,2
871.png,2
872.png,2
873.png,2
874.png,2
875.png,2
876.png,2
877.png,2
878.png,2
879.png,2
88.png,1
880.png,2
881.png,2
882.png,2
883.png,2
884.png,2
885.png,2
886.png,2
887.png,2
888.png,2
889.png,2
89.png,1
890.png,2
891.png,2
892.png,2
893.png,2
894.png,2
895.png,2
896.png,2
897.png,2
898.png,2
899.png,2
9.png,1
90.png,1
900.png,2
901.png,2
902.png,2
903.png,2
904.png,2
905.png,2
906.png,2
907.png,2
908.png,2
909.png,2
91.png,1
910.png,2
911.png,2
912.png,2
913.png,2
914.png,2
915.png,2
916.png,2
917.png,2
918.png,3
919.png,3
92.png,1
920.png,3
921.png,3
922.png,3
923.png,3
924.png,3
925.png,3
926.png,3
927.png,3
928.png,3
929.png,3
93.png,1
930.png,3
931.png,3
932.png,3
933.png,3
934.png,3
935.png,3
936.png,3
937.png,3
938.png,3
939.png,3
94.png,1
940.png,3
941.png,3
942.png,3
943.png,3
944.png,3
945.png,3
946.png,3
947.png,3
948.png,3
949.png,3
95.png,1
950.png,3
951.png,3
952.png,3
953.png,3
954.png,3
955.png,3
956.png,3
957.png,3
958.png,3
959.png,3
96.png,1
960.png,3
961.png,3
962.png,3
963.png,3
964.png,3
965.png,3
966.png,3
967.png,3
968.png,3
969.png,3
97.png,1
970.png,3
971.png,3
972.png,3
973.png,3
974.png,3
975.png,3
976.png,3
977.png,3
978.png,3
979.png,3
98.png,1
980.png,3
981.png,3
982.png,3
983.png,3
984.png,3
985.png,3
986.png,3
987.png,3
988.png,3
989.png,3
99.png,1
990.png,3
991.png,3
992.png,3
993.png,3
994.png,3
995.png,3
996.png,3
997.png,3
998.png,3
999.png,3
